{
  "models": {
    "qwen3-0.6b": {
      "baseline_quant": "fp16",
      "quants": {
        "fp16": {
          "free": {
            "svr": 0.8766666666666666,
            "ac": 0.6054439520807472,
            "abstention": 0.877687049164129,
            "fcr": 0.8224494169778858
          },
          "constrained": {
            "svr": 0.865,
            "ac": 0.6236559139784946,
            "abstention": 0.873015873015873,
            "fcr": 0.8229179467485919
          },
          "delta_svr_free_to_constrained": -0.011666666666666603,
          "delta_ac_free_to_constrained": 0.01821196189774743,
          "cdr_fcr": 1.0,
          "free_instances_per_sec": 1.1609249196196187,
          "constrained_instances_per_sec": 0.5622077161537468,
          "latency_cost_pct": 51.57243102870458
        },
        "Q8_0": {
          "free": {
            "svr": 0.8783333333333333,
            "ac": 0.6096639947340843,
            "abstention": 0.8835350023805032,
            "fcr": 0.8257997492786467
          },
          "constrained": {
            "svr": 0.865,
            "ac": 0.6182795698924731,
            "abstention": 0.873015873015873,
            "fcr": 0.8215738607270865
          },
          "delta_svr_free_to_constrained": -0.013333333333333308,
          "delta_ac_free_to_constrained": 0.008615575158388844,
          "cdr_fcr": 1.0,
          "free_instances_per_sec": 1.3802526182642785,
          "constrained_instances_per_sec": 0.29294277938703384,
          "latency_cost_pct": 78.77614753193363
        },
        "Q5_K_M": {
          "free": {
            "svr": 0.8783333333333333,
            "ac": 0.6094708455185228,
            "abstention": 0.8554091321493699,
            "fcr": 0.8195533277503065
          },
          "constrained": {
            "svr": 0.865,
            "ac": 0.6084656084656085,
            "abstention": 0.8571428571428571,
            "fcr": 0.8189021164021164
          },
          "delta_svr_free_to_constrained": -0.013333333333333308,
          "delta_ac_free_to_constrained": -0.0010052370529143317,
          "cdr_fcr": 0.0,
          "free_instances_per_sec": 1.5246439460031254,
          "constrained_instances_per_sec": 0.1728566073269518,
          "latency_cost_pct": 88.66249344444664
        },
        "Q4_K_M": {
          "free": {
            "svr": 0.8733333333333334,
            "ac": 0.5750022182997706,
            "abstention": 0.8121827867158936,
            "fcr": 0.7976295845872494
          },
          "constrained": {
            "svr": 0.86,
            "ac": 0.5792349726775956,
            "abstention": 0.7936507936507936,
            "fcr": 0.7869714415820972
          },
          "delta_svr_free_to_constrained": -0.01333333333333342,
          "delta_ac_free_to_constrained": 0.004232754377824999,
          "cdr_fcr": 0.0,
          "free_instances_per_sec": 1.5469975043608253,
          "constrained_instances_per_sec": 0.474386686126051,
          "latency_cost_pct": 69.33500637274435
        }
      },
      "baseline_free_fcr": 0.8224494169778858
    },
    "qwen3-1.7b": {
      "baseline_quant": "Q8_0",
      "quants": {
        "Q8_0": {
          "free": {
            "svr": 0.88,
            "ac": 0.6811231747509682,
            "abstention": 0.8717537571527384,
            "fcr": 0.84155256630926
          },
          "constrained": {
            "svr": 0.87,
            "ac": 0.6878306878306878,
            "abstention": 0.8888888888888888,
            "fcr": 0.8479298941798942
          },
          "delta_svr_free_to_constrained": -0.010000000000000009,
          "delta_ac_free_to_constrained": 0.006707513079719618,
          "cdr_fcr": 1.0,
          "free_instances_per_sec": 0.4334428256520727,
          "constrained_instances_per_sec": 0.14581553894735721,
          "latency_cost_pct": 66.35876052902897
        },
        "Q5_K_M": {
          "free": {
            "svr": 0.88,
            "ac": 0.6895217779767865,
            "abstention": 0.8723960438731236,
            "fcr": 0.8429794554624775
          },
          "constrained": {
            "svr": 0.86,
            "ac": 0.6972972972972973,
            "abstention": 0.8571428571428571,
            "fcr": 0.8348600386100387
          },
          "delta_svr_free_to_constrained": -0.020000000000000018,
          "delta_ac_free_to_constrained": 0.007775519320510793,
          "cdr_fcr": 1.0,
          "free_instances_per_sec": 0.5060462384338836,
          "constrained_instances_per_sec": 0.11553362342274193,
          "latency_cost_pct": 77.16935436961326
        },
        "Q4_K_M": {
          "free": {
            "svr": 0.8833333333333333,
            "ac": 0.686348487706722,
            "abstention": 0.877687049164129,
            "fcr": 0.8435088842177128
          },
          "constrained": {
            "svr": 0.87,
            "ac": 0.675531914893617,
            "abstention": 0.873015873015873,
            "fcr": 0.8396369469773725
          },
          "delta_svr_free_to_constrained": -0.013333333333333308,
          "delta_ac_free_to_constrained": -0.010816572813104997,
          "cdr_fcr": 1.0,
          "free_instances_per_sec": 0.4395819378310191,
          "constrained_instances_per_sec": 0.17308840647134516,
          "latency_cost_pct": 60.62431333612198
        }
      },
      "baseline_free_fcr": 0.84155256630926
    }
  }
}