{
  "models": {
    "qwen3-0.6b": {
      "baseline_quant": "fp16",
      "quants": {
        "fp16": {
          "free": {
            "svr": 0.8766666666666666,
            "ac": 0.6054439520807472,
            "abstention": 0.877687049164129,
            "fcr": 0.8224494169778858
          },
          "constrained": {
            "svr": 0.865,
            "ac": 0.6236559139784946,
            "abstention": 0.873015873015873,
            "fcr": 0.8229179467485919
          },
          "delta_svr_free_to_constrained": -0.011666666666666603,
          "delta_ac_free_to_constrained": 0.01821196189774743,
          "cdr_fcr": 1.0,
          "free_instances_per_sec": 1.1609249196196187,
          "constrained_instances_per_sec": 0.23322643986604868,
          "latency_cost_pct": 79.91029084443582
        },
        "Q8_0": {
          "free": {
            "svr": 0.8783333333333333,
            "ac": 0.6096639947340843,
            "abstention": 0.8835350023805032,
            "fcr": 0.8257997492786467
          },
          "constrained": {
            "svr": 0.865,
            "ac": 0.6290322580645161,
            "abstention": 0.873015873015873,
            "fcr": 0.8242620327700972
          },
          "delta_svr_free_to_constrained": -0.013333333333333308,
          "delta_ac_free_to_constrained": 0.019368263330431845,
          "cdr_fcr": 0.45897432568113644,
          "free_instances_per_sec": 1.3802526182642785,
          "constrained_instances_per_sec": 0.6180648045060563,
          "latency_cost_pct": 55.220892441899736
        },
        "Q5_K_M": {
          "free": {
            "svr": 0.8783333333333333,
            "ac": 0.6094708455185228,
            "abstention": 0.8554091321493699,
            "fcr": 0.8195533277503065
          },
          "constrained": {
            "svr": 0.86,
            "ac": 0.5957446808510638,
            "abstention": 0.8412698412698413,
            "fcr": 0.8092536305302263
          },
          "delta_svr_free_to_constrained": -0.018333333333333313,
          "delta_ac_free_to_constrained": -0.013726164667459018,
          "cdr_fcr": 0.0,
          "free_instances_per_sec": 1.5246439460031254,
          "constrained_instances_per_sec": 0.44817076319810517,
          "latency_cost_pct": 70.60489012054317
        },
        "Q4_K_M": {
          "free": {
            "svr": 0.8733333333333334,
            "ac": 0.5750022182997706,
            "abstention": 0.8121827867158936,
            "fcr": 0.7976295845872494
          },
          "constrained": {
            "svr": 0.86,
            "ac": 0.5792349726775956,
            "abstention": 0.7936507936507936,
            "fcr": 0.7869714415820972
          },
          "delta_svr_free_to_constrained": -0.01333333333333342,
          "delta_ac_free_to_constrained": 0.004232754377824999,
          "cdr_fcr": 0.0,
          "free_instances_per_sec": 1.5469975043608253,
          "constrained_instances_per_sec": 0.22305740606037192,
          "latency_cost_pct": 85.58126917260071
        }
      },
      "baseline_free_fcr": 0.8224494169778858
    },
    "qwen3-1.7b": {
      "baseline_quant": "Q8_0",
      "quants": {
        "Q8_0": {
          "free": {
            "svr": 0.88,
            "ac": 0.6811231747509682,
            "abstention": 0.8717537571527384,
            "fcr": 0.84155256630926
          },
          "constrained": {
            "svr": 0.87,
            "ac": 0.6825396825396826,
            "abstention": 0.8888888888888888,
            "fcr": 0.8466071428571428
          },
          "delta_svr_free_to_constrained": -0.010000000000000009,
          "delta_ac_free_to_constrained": 0.0014165077887143829,
          "cdr_fcr": 1.0,
          "free_instances_per_sec": 0.4334428256520727,
          "constrained_instances_per_sec": 0.4010413883302929,
          "latency_cost_pct": 7.475365931604701
        },
        "Q5_K_M": {
          "free": {
            "svr": 0.88,
            "ac": 0.6895217779767865,
            "abstention": 0.8723960438731236,
            "fcr": 0.8429794554624775
          },
          "constrained": {
            "svr": 0.86,
            "ac": 0.6881720430107527,
            "abstention": 0.8571428571428571,
            "fcr": 0.8338287250384026
          },
          "delta_svr_free_to_constrained": -0.020000000000000018,
          "delta_ac_free_to_constrained": -0.0013497349660337443,
          "cdr_fcr": 1.0,
          "free_instances_per_sec": 0.5060462384338836,
          "constrained_instances_per_sec": 0.4155525605305896,
          "latency_cost_pct": 17.882491960290956
        },
        "Q4_K_M": {
          "free": {
            "svr": 0.8833333333333333,
            "ac": 0.686348487706722,
            "abstention": 0.877687049164129,
            "fcr": 0.8435088842177128
          },
          "constrained": {
            "svr": 0.87,
            "ac": 0.6935483870967742,
            "abstention": 0.873015873015873,
            "fcr": 0.8416410650281618
          },
          "delta_svr_free_to_constrained": -0.013333333333333308,
          "delta_ac_free_to_constrained": 0.007199899390052278,
          "cdr_fcr": 0.9547626086131301,
          "free_instances_per_sec": 0.4395819378310191,
          "constrained_instances_per_sec": 0.41366076208398883,
          "latency_cost_pct": 5.8967790794431405
        }
      },
      "baseline_free_fcr": 0.84155256630926
    }
  }
}